# ************************************************************
# Sequel Pro SQL dump
# Version 4541
#
# http://www.sequelpro.com/
# https://github.com/sequelpro/sequelpro
#
# Host: 192.168.178.84 (MySQL 5.7.25-0ubuntu0.18.04.2)
# Database: kickstart
# Generation Time: 2019-03-14 10:26:13 +0000
# ************************************************************


/*!40101 SET @OLD_CHARACTER_SET_CLIENT=@@CHARACTER_SET_CLIENT */;
/*!40101 SET @OLD_CHARACTER_SET_RESULTS=@@CHARACTER_SET_RESULTS */;
/*!40101 SET @OLD_COLLATION_CONNECTION=@@COLLATION_CONNECTION */;
/*!40101 SET NAMES utf8 */;
/*!40014 SET @OLD_FOREIGN_KEY_CHECKS=@@FOREIGN_KEY_CHECKS, FOREIGN_KEY_CHECKS=0 */;
/*!40101 SET @OLD_SQL_MODE=@@SQL_MODE, SQL_MODE='NO_AUTO_VALUE_ON_ZERO' */;
/*!40111 SET @OLD_SQL_NOTES=@@SQL_NOTES, SQL_NOTES=0 */;


# Dump of table config
# ------------------------------------------------------------

DROP TABLE IF EXISTS `config`;

CREATE TABLE `config` (
  `Id` int(11) unsigned NOT NULL AUTO_INCREMENT,
  `keyboard` int(11) unsigned DEFAULT NULL,
  `lang` int(11) unsigned DEFAULT NULL,
  `locale` int(11) unsigned DEFAULT NULL,
  `tz_append` int(11) unsigned DEFAULT NULL,
  `username` varchar(45) DEFAULT NULL,
  `fullusername` varchar(45) DEFAULT NULL,
  `hostname` varchar(16) DEFAULT NULL,
  `user` int(11) unsigned DEFAULT NULL,
  PRIMARY KEY (`Id`),
  KEY `keyboard` (`keyboard`),
  KEY `lang` (`lang`),
  KEY `locale` (`locale`),
  KEY `tz_append` (`tz_append`),
  KEY `user` (`user`),
  CONSTRAINT `config_ibfk_1` FOREIGN KEY (`keyboard`) REFERENCES `keyboard` (`Id`),
  CONSTRAINT `config_ibfk_2` FOREIGN KEY (`lang`) REFERENCES `lang` (`Id`),
  CONSTRAINT `config_ibfk_3` FOREIGN KEY (`locale`) REFERENCES `locale` (`Id`),
  CONSTRAINT `config_ibfk_4` FOREIGN KEY (`tz_append`) REFERENCES `tz_append` (`Id`),
  CONSTRAINT `config_ibfk_5` FOREIGN KEY (`user`) REFERENCES `users` (`Id`)
) ENGINE=InnoDB DEFAULT CHARSET=latin1;

LOCK TABLES `config` WRITE;
/*!40000 ALTER TABLE `config` DISABLE KEYS */;

INSERT INTO `config` (`Id`, `keyboard`, `lang`, `locale`, `tz_append`, `username`, `fullusername`, `hostname`, `user`)
VALUES
	(1,446,83,83,258,'vinod','Vinod Poenai','vinodvm',1),
	(2,312,212,212,258,'jan','Jan Fluit','jandeman',2);

/*!40000 ALTER TABLE `config` ENABLE KEYS */;
UNLOCK TABLES;


# Dump of table keyboard
# ------------------------------------------------------------

DROP TABLE IF EXISTS `keyboard`;

CREATE TABLE `keyboard` (
  `Id` int(11) unsigned NOT NULL AUTO_INCREMENT,
  `Layout` varchar(45) NOT NULL DEFAULT '',
  PRIMARY KEY (`Id`)
) ENGINE=InnoDB DEFAULT CHARSET=latin1;

LOCK TABLES `keyboard` WRITE;
/*!40000 ALTER TABLE `keyboard` DISABLE KEYS */;

INSERT INTO `keyboard` (`Id`, `Layout`)
VALUES
	(1,'af_fa-olpc'),
	(2,'af_olpc-ps'),
	(3,'af_ps'),
	(4,'af_uz'),
	(5,'af_uz-olpc'),
	(6,'al_plisi'),
	(7,'am_eastern'),
	(8,'am_eastern-alt'),
	(9,'am_phonetic'),
	(10,'am_phonetic-alt'),
	(11,'am_western'),
	(12,'ara_azerty'),
	(13,'ara_azerty_digits'),
	(14,'ara_buckwalter'),
	(15,'ara_digits'),
	(16,'ara_mac'),
	(17,'ara_olpc'),
	(18,'ara_qwerty'),
	(19,'ara_qwerty_digits'),
	(20,'at_mac'),
	(21,'at_nodeadkeys'),
	(22,'at_sundeadkeys'),
	(23,'au'),
	(24,'az_cyrillic'),
	(25,'ba_alternatequotes'),
	(26,'ba_unicode'),
	(27,'ba_unicodeus'),
	(28,'ba_us'),
	(29,'bd_probhat'),
	(30,'be_iso-alternate'),
	(31,'be_nodeadkeys'),
	(32,'be_oss'),
	(33,'be_oss_latin9'),
	(34,'be_oss_sundeadkeys'),
	(35,'be_sundeadkeys'),
	(36,'be_wang'),
	(37,'bg_bas_phonetic'),
	(38,'bg_phonetic'),
	(39,'br_dvorak'),
	(40,'br_nativo'),
	(41,'br_nativo-epo'),
	(42,'br_nativo-us'),
	(43,'br_nodeadkeys'),
	(44,'br_thinkpad'),
	(45,'brai_left_hand'),
	(46,'brai_right_hand'),
	(47,'bt'),
	(48,'bw'),
	(49,'by_latin'),
	(50,'by_legacy'),
	(51,'ca_eng'),
	(52,'ca_fr-dvorak'),
	(53,'ca_fr-legacy'),
	(54,'ca_ike'),
	(55,'ca_multi'),
	(56,'ca_multi-2gr'),
	(57,'ca_multix'),
	(58,'cd'),
	(59,'ch_de_mac'),
	(60,'ch_de_nodeadkeys'),
	(61,'ch_de_sundeadkeys'),
	(62,'ch_fr'),
	(63,'ch_fr_mac'),
	(64,'ch_fr_nodeadkeys'),
	(65,'ch_fr_sundeadkeys'),
	(66,'ch_legacy'),
	(67,'cm_azerty'),
	(68,'cm_dvorak'),
	(69,'cm_french'),
	(70,'cm_mmuock'),
	(71,'cm_qwerty'),
	(72,'cn_tib'),
	(73,'cn_tib_asciinum'),
	(74,'cn_ug'),
	(75,'cz_bksl'),
	(76,'cz_dvorak-ucw'),
	(77,'cz_qwerty'),
	(78,'cz_qwerty_bksl'),
	(79,'cz_rus'),
	(80,'cz_ucw'),
	(81,'de_T3'),
	(82,'de_deadacute'),
	(83,'de_deadgraveacute'),
	(84,'de_deadtilde'),
	(85,'de_dsb'),
	(86,'de_dsb_qwertz'),
	(87,'de_dvorak'),
	(88,'de_mac'),
	(89,'de_mac_nodeadkeys'),
	(90,'de_neo'),
	(91,'de_nodeadkeys'),
	(92,'de_qwerty'),
	(93,'de_ro'),
	(94,'de_ro_nodeadkeys'),
	(95,'de_ru'),
	(96,'de_sundeadkeys'),
	(97,'de_tr'),
	(98,'dk_dvorak'),
	(99,'dk_mac'),
	(100,'dk_mac_nodeadkeys'),
	(101,'dk_nodeadkeys'),
	(102,'dk_winkeys'),
	(103,'dz_ar'),
	(104,'dz_ber'),
	(105,'ee_dvorak'),
	(106,'ee_nodeadkeys'),
	(107,'ee_us'),
	(108,'epo_legacy'),
	(109,'es_ast'),
	(110,'es_cat'),
	(111,'es_deadtilde'),
	(112,'es_dvorak'),
	(113,'es_mac'),
	(114,'es_nodeadkeys'),
	(115,'es_sundeadkeys'),
	(116,'es_winkeys'),
	(117,'et'),
	(118,'fi_classic'),
	(119,'fi_mac'),
	(120,'fi_nodeadkeys'),
	(121,'fi_smi'),
	(122,'fi_winkeys'),
	(123,'fo_nodeadkeys'),
	(124,'fr_azerty'),
	(125,'fr_bepo'),
	(126,'fr_bepo_latin9'),
	(127,'fr_bre'),
	(128,'fr_dvorak'),
	(129,'fr_geo'),
	(130,'fr_latin9'),
	(131,'fr_latin9_nodeadkeys'),
	(132,'fr_latin9_sundeadkeys'),
	(133,'fr_mac'),
	(134,'fr_nodeadkeys'),
	(135,'fr_oci'),
	(136,'fr_oss'),
	(137,'fr_oss_latin9'),
	(138,'fr_oss_nodeadkeys'),
	(139,'fr_oss_sundeadkeys'),
	(140,'fr_sundeadkeys'),
	(141,'gb_colemak'),
	(142,'gb_dvorak'),
	(143,'gb_dvorakukp'),
	(144,'gb_extd'),
	(145,'gb_intl'),
	(146,'gb_mac'),
	(147,'gb_mac_intl'),
	(148,'ge_ergonomic'),
	(149,'ge_mess'),
	(150,'ge_os'),
	(151,'ge_ru'),
	(152,'gh_akan'),
	(153,'gh_avn'),
	(154,'gh_ewe'),
	(155,'gh_fula'),
	(156,'gh_ga'),
	(157,'gh_generic'),
	(158,'gh_gillbt'),
	(159,'gh_hausa'),
	(160,'gn'),
	(161,'gr_extended'),
	(162,'gr_nodeadkeys'),
	(163,'gr_polytonic'),
	(164,'gr_simple'),
	(165,'hr_alternatequotes'),
	(166,'hr_unicode'),
	(167,'hr_unicodeus'),
	(168,'hr_us'),
	(169,'hu_101_qwerty_comma_dead'),
	(170,'hu_101_qwerty_comma_nodead'),
	(171,'hu_101_qwerty_dot_dead'),
	(172,'hu_101_qwerty_dot_nodead'),
	(173,'hu_101_qwertz_comma_dead'),
	(174,'hu_101_qwertz_comma_nodead'),
	(175,'hu_101_qwertz_dot_dead'),
	(176,'hu_101_qwertz_dot_nodead'),
	(177,'hu_102_qwerty_comma_dead'),
	(178,'hu_102_qwerty_comma_nodead'),
	(179,'hu_102_qwerty_dot_dead'),
	(180,'hu_102_qwerty_dot_nodead'),
	(181,'hu_102_qwertz_comma_dead'),
	(182,'hu_102_qwertz_comma_nodead'),
	(183,'hu_102_qwertz_dot_dead'),
	(184,'hu_102_qwertz_dot_nodead'),
	(185,'hu_nodeadkeys'),
	(186,'hu_qwerty'),
	(187,'hu_standard'),
	(188,'id'),
	(189,'ie_CloGaelach'),
	(190,'ie_UnicodeExpert'),
	(191,'ie_ogam'),
	(192,'ie_ogam_is434'),
	(193,'il_biblical'),
	(194,'il_lyx'),
	(195,'il_phonetic'),
	(196,'in_ben'),
	(197,'in_ben_baishakhi'),
	(198,'in_ben_bornona'),
	(199,'in_ben_gitanjali'),
	(200,'in_ben_inscript'),
	(201,'in_ben_probhat'),
	(202,'in_bolnagri'),
	(203,'in_eeyek'),
	(204,'in_eng'),
	(205,'in_guj'),
	(206,'in_guru'),
	(207,'in_hin-kagapa'),
	(208,'in_hin-wx'),
	(209,'in_jhelum'),
	(210,'in_kan'),
	(211,'in_kan-kagapa'),
	(212,'in_mal'),
	(213,'in_mal_enhanced'),
	(214,'in_mal_lalitha'),
	(215,'in_mar-kagapa'),
	(216,'in_olck'),
	(217,'in_ori'),
	(218,'in_san-kagapa'),
	(219,'in_tam'),
	(220,'in_tam_TAB'),
	(221,'in_tam_TSCII'),
	(222,'in_tam_keyboard_with_numerals'),
	(223,'in_tam_unicode'),
	(224,'in_tel'),
	(225,'in_tel-kagapa'),
	(226,'in_tel-sarala'),
	(227,'in_urd-phonetic'),
	(228,'in_urd-phonetic3'),
	(229,'in_urd-winkeys'),
	(230,'iq_ku'),
	(231,'iq_ku_alt'),
	(232,'iq_ku_ara'),
	(233,'iq_ku_f'),
	(234,'ir_ku'),
	(235,'ir_ku_alt'),
	(236,'ir_ku_ara'),
	(237,'ir_ku_f'),
	(238,'ir_pes_keypad'),
	(239,'is_Sundeadkeys'),
	(240,'is_dvorak'),
	(241,'is_mac'),
	(242,'is_mac_legacy'),
	(243,'is_nodeadkeys'),
	(244,'it_geo'),
	(245,'it_ibm'),
	(246,'it_intl'),
	(247,'it_mac'),
	(248,'it_nodeadkeys'),
	(249,'it_scn'),
	(250,'it_us'),
	(251,'it_winkeys'),
	(252,'jp_OADG109A'),
	(253,'jp_dvorak'),
	(254,'jp_kana'),
	(255,'jp_kana86'),
	(256,'jp_mac'),
	(257,'ke_kik'),
	(258,'kg_phonetic'),
	(259,'kh'),
	(260,'kr_kr104'),
	(261,'kz_ext'),
	(262,'kz_kazrus'),
	(263,'kz_ruskaz'),
	(264,'la_stea'),
	(265,'latam_deadtilde'),
	(266,'latam_dvorak'),
	(267,'latam_nodeadkeys'),
	(268,'latam_sundeadkeys'),
	(269,'lk_tam_TAB'),
	(270,'lk_tam_unicode'),
	(271,'lk_us'),
	(272,'lt_ibm'),
	(273,'lt_lekp'),
	(274,'lt_lekpa'),
	(275,'lt_std'),
	(276,'lt_us'),
	(277,'lv_adapted'),
	(278,'lv_apostrophe'),
	(279,'lv_ergonomic'),
	(280,'lv_fkey'),
	(281,'lv_modern'),
	(282,'lv_tilde'),
	(283,'ma_french'),
	(284,'ma_tifinagh'),
	(285,'ma_tifinagh-alt'),
	(286,'ma_tifinagh-alt-phonetic'),
	(287,'ma_tifinagh-extended'),
	(288,'ma_tifinagh-extended-phonetic'),
	(289,'ma_tifinagh-phonetic'),
	(290,'mao'),
	(291,'md_gag'),
	(292,'me_cyrillic'),
	(293,'me_cyrillicalternatequotes'),
	(294,'me_cyrillicyz'),
	(295,'me_latinalternatequotes'),
	(296,'me_latinunicode'),
	(297,'me_latinunicodeyz'),
	(298,'me_latinyz'),
	(299,'mk_nodeadkeys'),
	(300,'ml_fr-oss'),
	(301,'ml_us-intl'),
	(302,'ml_us-mac'),
	(303,'mm'),
	(304,'mn'),
	(305,'mt_us'),
	(306,'mv'),
	(307,'my_phonetic'),
	(308,'nec_vndr/jp'),
	(309,'ng_hausa'),
	(310,'ng_igbo'),
	(311,'ng_yoruba'),
	(312,'nl_mac'),
	(313,'nl_std'),
	(314,'nl_sundeadkeys'),
	(315,'no_colemak'),
	(316,'no_dvorak'),
	(317,'no_mac'),
	(318,'no_mac_nodeadkeys'),
	(319,'no_nodeadkeys'),
	(320,'no_smi'),
	(321,'no_smi_nodeadkeys'),
	(322,'no_winkeys'),
	(323,'np'),
	(324,'ph_capewell-dvorak'),
	(325,'ph_capewell-dvorak-bay'),
	(326,'ph_capewell-qwerf2k6'),
	(327,'ph_capewell-qwerf2k6-bay'),
	(328,'ph_colemak'),
	(329,'ph_colemak-bay'),
	(330,'ph_dvorak'),
	(331,'ph_dvorak-bay'),
	(332,'ph_qwerty-bay'),
	(333,'pk_ara'),
	(334,'pk_snd'),
	(335,'pk_urd-crulp'),
	(336,'pk_urd-nla'),
	(337,'pl_csb'),
	(338,'pl_dvorak'),
	(339,'pl_dvorak_altquotes'),
	(340,'pl_dvorak_quotes'),
	(341,'pl_dvp'),
	(342,'pl_legacy'),
	(343,'pl_qwertz'),
	(344,'pl_ru_phonetic_dvorak'),
	(345,'pl_szl'),
	(346,'pt_mac'),
	(347,'pt_mac_nodeadkeys'),
	(348,'pt_mac_sundeadkeys'),
	(349,'pt_nativo'),
	(350,'pt_nativo-epo'),
	(351,'pt_nativo-us'),
	(352,'pt_nodeadkeys'),
	(353,'pt_sundeadkeys'),
	(354,'ro_cedilla'),
	(355,'ro_std'),
	(356,'ro_std_cedilla'),
	(357,'ro_winkeys'),
	(358,'rs_alternatequotes'),
	(359,'rs_latin'),
	(360,'rs_latinalternatequotes'),
	(361,'rs_latinunicode'),
	(362,'rs_latinunicodeyz'),
	(363,'rs_latinyz'),
	(364,'rs_rue'),
	(365,'rs_yz'),
	(366,'ru_bak'),
	(367,'ru_chm'),
	(368,'ru_cv'),
	(369,'ru_cv_latin'),
	(370,'ru_dos'),
	(371,'ru_kom'),
	(372,'ru_legacy'),
	(373,'ru_mac'),
	(374,'ru_os_legacy'),
	(375,'ru_os_winkeys'),
	(376,'ru_phonetic'),
	(377,'ru_phonetic_azerty'),
	(378,'ru_phonetic_dvorak'),
	(379,'ru_phonetic_fr'),
	(380,'ru_phonetic_winkeys'),
	(381,'ru_sah'),
	(382,'ru_srp'),
	(383,'ru_tt'),
	(384,'ru_typewriter'),
	(385,'ru_typewriter-legacy'),
	(386,'ru_udm'),
	(387,'ru_xal'),
	(388,'se_dvorak'),
	(389,'se_mac'),
	(390,'se_nodeadkeys'),
	(391,'se_rus'),
	(392,'se_rus_nodeadkeys'),
	(393,'se_smi'),
	(394,'se_svdvorak'),
	(395,'se_swl'),
	(396,'se_us_dvorak'),
	(397,'si_alternatequotes'),
	(398,'si_us'),
	(399,'sk_bksl'),
	(400,'sk_qwerty'),
	(401,'sk_qwerty_bksl'),
	(402,'sn'),
	(403,'sy_ku'),
	(404,'sy_ku_alt'),
	(405,'sy_ku_f'),
	(406,'sy_syc'),
	(407,'sy_syc_phonetic'),
	(408,'tg'),
	(409,'th_pat'),
	(410,'th_tis'),
	(411,'tj_legacy'),
	(412,'tm_alt'),
	(413,'tr_alt'),
	(414,'tr_crh'),
	(415,'tr_crh_alt'),
	(416,'tr_crh_f'),
	(417,'tr_f'),
	(418,'tr_intl'),
	(419,'tr_ku'),
	(420,'tr_ku_alt'),
	(421,'tr_ku_f'),
	(422,'tr_sundeadkeys'),
	(423,'tw_indigenous'),
	(424,'tw_saisiyat'),
	(425,'tz'),
	(426,'ua_homophonic'),
	(427,'ua_legacy'),
	(428,'ua_phonetic'),
	(429,'ua_rstu'),
	(430,'ua_rstu_ru'),
	(431,'ua_typewriter'),
	(432,'ua_winkeys'),
	(433,'us_alt-intl'),
	(434,'us_altgr-intl'),
	(435,'us_chr'),
	(436,'us_colemak'),
	(437,'us_dvorak'),
	(438,'us_dvorak-alt-intl'),
	(439,'us_dvorak-classic'),
	(440,'us_dvorak-intl'),
	(441,'us_dvorak-l'),
	(442,'us_dvorak-r'),
	(443,'us_dvp'),
	(444,'us_euro'),
	(445,'us_hbs'),
	(446,'us_intl'),
	(447,'us_mac'),
	(448,'us_olpc2'),
	(449,'us_rus'),
	(450,'us_workman'),
	(451,'us_workman-intl'),
	(452,'uz_latin'),
	(453,'vn'),
	(454,'za');

/*!40000 ALTER TABLE `keyboard` ENABLE KEYS */;
UNLOCK TABLES;


# Dump of table lang
# ------------------------------------------------------------

DROP TABLE IF EXISTS `lang`;

CREATE TABLE `lang` (
  `Id` int(11) unsigned NOT NULL AUTO_INCREMENT,
  `Language` varchar(7) NOT NULL DEFAULT '',
  PRIMARY KEY (`Id`)
) ENGINE=InnoDB DEFAULT CHARSET=latin1;

LOCK TABLES `lang` WRITE;
/*!40000 ALTER TABLE `lang` DISABLE KEYS */;

INSERT INTO `lang` (`Id`, `Language`)
VALUES
	(1,'aa_DJ'),
	(2,'aa_ER'),
	(3,'aa_ET'),
	(4,'af_ZA'),
	(5,'agr_PE'),
	(6,'ak_GH'),
	(7,'am_ET'),
	(8,'an_ES'),
	(9,'anp_IN'),
	(10,'ar_AE'),
	(11,'ar_BH'),
	(12,'ar_DZ'),
	(13,'ar_EG'),
	(14,'ar_IN'),
	(15,'ar_IQ'),
	(16,'ar_JO'),
	(17,'ar_KW'),
	(18,'ar_LB'),
	(19,'ar_LY'),
	(20,'ar_MA'),
	(21,'ar_OM'),
	(22,'ar_QA'),
	(23,'ar_SA'),
	(24,'ar_SD'),
	(25,'ar_SS'),
	(26,'ar_SY'),
	(27,'ar_TN'),
	(28,'ar_YE'),
	(29,'ayc_PE'),
	(30,'az_AZ'),
	(31,'az_IR'),
	(32,'as_IN'),
	(33,'ast_ES'),
	(34,'be_BY'),
	(35,'bem_ZM'),
	(36,'ber_DZ'),
	(37,'ber_MA'),
	(38,'bg_BG'),
	(39,'bhb_IN'),
	(40,'bho_IN'),
	(41,'bho_NP'),
	(42,'bi_VU'),
	(43,'bn_BD'),
	(44,'bn_IN'),
	(45,'bo_CN'),
	(46,'bo_IN'),
	(47,'br_FR'),
	(48,'brx_IN'),
	(49,'bs_BA'),
	(50,'byn_ER'),
	(51,'ca_AD'),
	(52,'ca_ES'),
	(53,'ca_FR'),
	(54,'ca_IT'),
	(55,'ce_RU'),
	(56,'ckb_IQ'),
	(57,'chr_US'),
	(58,'cmn_TW'),
	(59,'crh_UA'),
	(60,'cs_CZ'),
	(61,'csb_PL'),
	(62,'cv_RU'),
	(63,'cy_GB'),
	(64,'da_DK'),
	(65,'de_AT'),
	(66,'de_BE'),
	(67,'de_CH'),
	(68,'de_DE'),
	(69,'de_IT'),
	(70,'de_LI'),
	(71,'de_LU'),
	(72,'doi_IN'),
	(73,'dsb_DE'),
	(74,'dv_MV'),
	(75,'dz_BT'),
	(76,'el_GR'),
	(77,'el_CY'),
	(78,'en_AG'),
	(79,'en_AU'),
	(80,'en_BW'),
	(81,'en_CA'),
	(82,'en_DK'),
	(83,'en_GB'),
	(84,'en_HK'),
	(85,'en_IE'),
	(86,'en_IL'),
	(87,'en_IN'),
	(88,'en_NG'),
	(89,'en_NZ'),
	(90,'en_PH'),
	(91,'en_SC'),
	(92,'en_SG'),
	(93,'en_US'),
	(94,'en_ZA'),
	(95,'en_ZM'),
	(96,'en_ZW'),
	(97,'eo'),
	(98,'eo_US'),
	(99,'es_AR'),
	(100,'es_BO'),
	(101,'es_CL'),
	(102,'es_CO'),
	(103,'es_CR'),
	(104,'es_CU'),
	(105,'es_DO'),
	(106,'es_EC'),
	(107,'es_ES'),
	(108,'es_GT'),
	(109,'es_HN'),
	(110,'es_MX'),
	(111,'es_NI'),
	(112,'es_PA'),
	(113,'es_PE'),
	(114,'es_PR'),
	(115,'es_PY'),
	(116,'es_SV'),
	(117,'es_US'),
	(118,'es_UY'),
	(119,'es_VE'),
	(120,'et_EE'),
	(121,'eu_ES'),
	(122,'eu_FR'),
	(123,'fa_IR'),
	(124,'ff_SN'),
	(125,'fi_FI'),
	(126,'fil_PH'),
	(127,'fo_FO'),
	(128,'fr_BE'),
	(129,'fr_CA'),
	(130,'fr_CH'),
	(131,'fr_FR'),
	(132,'fr_LU'),
	(133,'fur_IT'),
	(134,'fy_NL'),
	(135,'fy_DE'),
	(136,'ga_IE'),
	(137,'gd_GB'),
	(138,'gez_ER'),
	(139,'gez_ET'),
	(140,'gl_ES'),
	(141,'gu_IN'),
	(142,'gv_GB'),
	(143,'ha_NG'),
	(144,'hak_TW'),
	(145,'he_IL'),
	(146,'hi_IN'),
	(147,'hif_FJ'),
	(148,'hne_IN'),
	(149,'hr_HR'),
	(150,'hsb_DE'),
	(151,'ht_HT'),
	(152,'hu_HU'),
	(153,'hy_AM'),
	(154,'ia_FR'),
	(155,'id_ID'),
	(156,'ig_NG'),
	(157,'ik_CA'),
	(158,'is_IS'),
	(159,'it_CH'),
	(160,'it_IT'),
	(161,'iu_CA'),
	(162,'ja_JP'),
	(163,'ka_GE'),
	(164,'kab_DZ'),
	(165,'kk_KZ'),
	(166,'kl_GL'),
	(167,'km_KH'),
	(168,'kn_IN'),
	(169,'ko_KR'),
	(170,'kok_IN'),
	(171,'ks_IN'),
	(172,'ku_TR'),
	(173,'kw_GB'),
	(174,'ky_KG'),
	(175,'lb_LU'),
	(176,'lg_UG'),
	(177,'li_BE'),
	(178,'li_NL'),
	(179,'lij_IT'),
	(180,'ln_CD'),
	(181,'lo_LA'),
	(182,'lt_LT'),
	(183,'lv_LV'),
	(184,'lzh_TW'),
	(185,'mag_IN'),
	(186,'mai_IN'),
	(187,'mai_NP'),
	(188,'mfe_MU'),
	(189,'mg_MG'),
	(190,'mhr_RU'),
	(191,'mi_NZ'),
	(192,'miq_NI'),
	(193,'mjw_IN'),
	(194,'mk_MK'),
	(195,'ml_IN'),
	(196,'mn_MN'),
	(197,'mni_IN'),
	(198,'mr_IN'),
	(199,'ms_MY'),
	(200,'mt_MT'),
	(201,'my_MM'),
	(202,'nan_TW'),
	(203,'nb_NO'),
	(204,'nds_DE'),
	(205,'nds_NL'),
	(206,'ne_NP'),
	(207,'nhn_MX'),
	(208,'niu_NU'),
	(209,'niu_NZ'),
	(210,'nl_AW'),
	(211,'nl_BE'),
	(212,'nl_NL'),
	(213,'nn_NO'),
	(214,'nr_ZA'),
	(215,'nso_ZA'),
	(216,'oc_FR'),
	(217,'om_ET'),
	(218,'om_KE'),
	(219,'or_IN'),
	(220,'os_RU'),
	(221,'pa_IN'),
	(222,'pa_PK'),
	(223,'pap_AW'),
	(224,'pap_CW'),
	(225,'pl_PL'),
	(226,'ps_AF'),
	(227,'pt_BR'),
	(228,'pt_PT'),
	(229,'quz_PE'),
	(230,'raj_IN'),
	(231,'ro_RO'),
	(232,'ru_RU'),
	(233,'ru_UA'),
	(234,'rw_RW'),
	(235,'sa_IN'),
	(236,'sah_RU'),
	(237,'sat_IN'),
	(238,'sc_IT'),
	(239,'sd_IN'),
	(240,'sd_PK'),
	(241,'se_NO'),
	(242,'sgs_LT'),
	(243,'shn_MM'),
	(244,'shs_CA'),
	(245,'si_LK'),
	(246,'sid_ET'),
	(247,'sk_SK'),
	(248,'sl_SI'),
	(249,'sm_WS'),
	(250,'so_DJ'),
	(251,'so_ET'),
	(252,'so_KE'),
	(253,'so_SO'),
	(254,'sq_AL'),
	(255,'sq_MK'),
	(256,'sr_ME'),
	(257,'sr_RS'),
	(258,'ss_ZA'),
	(259,'st_ZA'),
	(260,'sv_FI'),
	(261,'sv_SE'),
	(262,'sw_KE'),
	(263,'sw_TZ'),
	(264,'szl_PL'),
	(265,'ta_IN'),
	(266,'ta_LK'),
	(267,'tcy_IN'),
	(268,'te_IN'),
	(269,'tg_TJ'),
	(270,'th_TH'),
	(271,'the_NP'),
	(272,'ti_ER'),
	(273,'ti_ET'),
	(274,'tig_ER'),
	(275,'tk_TM'),
	(276,'tl_PH'),
	(277,'tn_ZA'),
	(278,'to_TO'),
	(279,'tpi_PG'),
	(280,'tr_CY'),
	(281,'tr_TR'),
	(282,'ts_ZA'),
	(283,'tt_RU'),
	(284,'ug_CN'),
	(285,'uk_UA'),
	(286,'unm_US'),
	(287,'ur_IN'),
	(288,'ur_PK'),
	(289,'uz_UZ'),
	(290,'ve_ZA'),
	(291,'vi_VN'),
	(292,'wa_BE'),
	(293,'wae_CH'),
	(294,'wal_ET'),
	(295,'wo_SN'),
	(296,'xh_ZA'),
	(297,'yi_US'),
	(298,'yo_NG'),
	(299,'yue_HK'),
	(300,'yuw_PG'),
	(301,'zh_CN'),
	(302,'zh_HK'),
	(303,'zh_SG'),
	(304,'zh_TW'),
	(305,'zu_ZA');

/*!40000 ALTER TABLE `lang` ENABLE KEYS */;
UNLOCK TABLES;


# Dump of table locale
# ------------------------------------------------------------

DROP TABLE IF EXISTS `locale`;

CREATE TABLE `locale` (
  `Id` int(11) unsigned NOT NULL AUTO_INCREMENT,
  `Locale` varchar(7) NOT NULL DEFAULT '',
  PRIMARY KEY (`Id`)
) ENGINE=InnoDB DEFAULT CHARSET=latin1;

LOCK TABLES `locale` WRITE;
/*!40000 ALTER TABLE `locale` DISABLE KEYS */;

INSERT INTO `locale` (`Id`, `Locale`)
VALUES
	(1,'aa_DJ'),
	(2,'aa_ER'),
	(3,'aa_ET'),
	(4,'af_ZA'),
	(5,'agr_PE'),
	(6,'ak_GH'),
	(7,'am_ET'),
	(8,'an_ES'),
	(9,'anp_IN'),
	(10,'ar_AE'),
	(11,'ar_BH'),
	(12,'ar_DZ'),
	(13,'ar_EG'),
	(14,'ar_IN'),
	(15,'ar_IQ'),
	(16,'ar_JO'),
	(17,'ar_KW'),
	(18,'ar_LB'),
	(19,'ar_LY'),
	(20,'ar_MA'),
	(21,'ar_OM'),
	(22,'ar_QA'),
	(23,'ar_SA'),
	(24,'ar_SD'),
	(25,'ar_SS'),
	(26,'ar_SY'),
	(27,'ar_TN'),
	(28,'ar_YE'),
	(29,'ayc_PE'),
	(30,'az_AZ'),
	(31,'az_IR'),
	(32,'as_IN'),
	(33,'ast_ES'),
	(34,'be_BY'),
	(35,'bem_ZM'),
	(36,'ber_DZ'),
	(37,'ber_MA'),
	(38,'bg_BG'),
	(39,'bhb_IN'),
	(40,'bho_IN'),
	(41,'bho_NP'),
	(42,'bi_VU'),
	(43,'bn_BD'),
	(44,'bn_IN'),
	(45,'bo_CN'),
	(46,'bo_IN'),
	(47,'br_FR'),
	(48,'brx_IN'),
	(49,'bs_BA'),
	(50,'byn_ER'),
	(51,'ca_AD'),
	(52,'ca_ES'),
	(53,'ca_FR'),
	(54,'ca_IT'),
	(55,'ce_RU'),
	(56,'ckb_IQ'),
	(57,'chr_US'),
	(58,'cmn_TW'),
	(59,'crh_UA'),
	(60,'cs_CZ'),
	(61,'csb_PL'),
	(62,'cv_RU'),
	(63,'cy_GB'),
	(64,'da_DK'),
	(65,'de_AT'),
	(66,'de_BE'),
	(67,'de_CH'),
	(68,'de_DE'),
	(69,'de_IT'),
	(70,'de_LI'),
	(71,'de_LU'),
	(72,'doi_IN'),
	(73,'dsb_DE'),
	(74,'dv_MV'),
	(75,'dz_BT'),
	(76,'el_GR'),
	(77,'el_CY'),
	(78,'en_AG'),
	(79,'en_AU'),
	(80,'en_BW'),
	(81,'en_CA'),
	(82,'en_DK'),
	(83,'en_GB'),
	(84,'en_HK'),
	(85,'en_IE'),
	(86,'en_IL'),
	(87,'en_IN'),
	(88,'en_NG'),
	(89,'en_NZ'),
	(90,'en_PH'),
	(91,'en_SC'),
	(92,'en_SG'),
	(93,'en_US'),
	(94,'en_ZA'),
	(95,'en_ZM'),
	(96,'en_ZW'),
	(97,'eo'),
	(98,'eo_US'),
	(99,'es_AR'),
	(100,'es_BO'),
	(101,'es_CL'),
	(102,'es_CO'),
	(103,'es_CR'),
	(104,'es_CU'),
	(105,'es_DO'),
	(106,'es_EC'),
	(107,'es_ES'),
	(108,'es_GT'),
	(109,'es_HN'),
	(110,'es_MX'),
	(111,'es_NI'),
	(112,'es_PA'),
	(113,'es_PE'),
	(114,'es_PR'),
	(115,'es_PY'),
	(116,'es_SV'),
	(117,'es_US'),
	(118,'es_UY'),
	(119,'es_VE'),
	(120,'et_EE'),
	(121,'eu_ES'),
	(122,'eu_FR'),
	(123,'fa_IR'),
	(124,'ff_SN'),
	(125,'fi_FI'),
	(126,'fil_PH'),
	(127,'fo_FO'),
	(128,'fr_BE'),
	(129,'fr_CA'),
	(130,'fr_CH'),
	(131,'fr_FR'),
	(132,'fr_LU'),
	(133,'fur_IT'),
	(134,'fy_NL'),
	(135,'fy_DE'),
	(136,'ga_IE'),
	(137,'gd_GB'),
	(138,'gez_ER'),
	(139,'gez_ET'),
	(140,'gl_ES'),
	(141,'gu_IN'),
	(142,'gv_GB'),
	(143,'ha_NG'),
	(144,'hak_TW'),
	(145,'he_IL'),
	(146,'hi_IN'),
	(147,'hif_FJ'),
	(148,'hne_IN'),
	(149,'hr_HR'),
	(150,'hsb_DE'),
	(151,'ht_HT'),
	(152,'hu_HU'),
	(153,'hy_AM'),
	(154,'ia_FR'),
	(155,'id_ID'),
	(156,'ig_NG'),
	(157,'ik_CA'),
	(158,'is_IS'),
	(159,'it_CH'),
	(160,'it_IT'),
	(161,'iu_CA'),
	(162,'ja_JP'),
	(163,'ka_GE'),
	(164,'kab_DZ'),
	(165,'kk_KZ'),
	(166,'kl_GL'),
	(167,'km_KH'),
	(168,'kn_IN'),
	(169,'ko_KR'),
	(170,'kok_IN'),
	(171,'ks_IN'),
	(172,'ku_TR'),
	(173,'kw_GB'),
	(174,'ky_KG'),
	(175,'lb_LU'),
	(176,'lg_UG'),
	(177,'li_BE'),
	(178,'li_NL'),
	(179,'lij_IT'),
	(180,'ln_CD'),
	(181,'lo_LA'),
	(182,'lt_LT'),
	(183,'lv_LV'),
	(184,'lzh_TW'),
	(185,'mag_IN'),
	(186,'mai_IN'),
	(187,'mai_NP'),
	(188,'mfe_MU'),
	(189,'mg_MG'),
	(190,'mhr_RU'),
	(191,'mi_NZ'),
	(192,'miq_NI'),
	(193,'mjw_IN'),
	(194,'mk_MK'),
	(195,'ml_IN'),
	(196,'mn_MN'),
	(197,'mni_IN'),
	(198,'mr_IN'),
	(199,'ms_MY'),
	(200,'mt_MT'),
	(201,'my_MM'),
	(202,'nan_TW'),
	(203,'nb_NO'),
	(204,'nds_DE'),
	(205,'nds_NL'),
	(206,'ne_NP'),
	(207,'nhn_MX'),
	(208,'niu_NU'),
	(209,'niu_NZ'),
	(210,'nl_AW'),
	(211,'nl_BE'),
	(212,'nl_NL'),
	(213,'nn_NO'),
	(214,'nr_ZA'),
	(215,'nso_ZA'),
	(216,'oc_FR'),
	(217,'om_ET'),
	(218,'om_KE'),
	(219,'or_IN'),
	(220,'os_RU'),
	(221,'pa_IN'),
	(222,'pa_PK'),
	(223,'pap_AW'),
	(224,'pap_CW'),
	(225,'pl_PL'),
	(226,'ps_AF'),
	(227,'pt_BR'),
	(228,'pt_PT'),
	(229,'quz_PE'),
	(230,'raj_IN'),
	(231,'ro_RO'),
	(232,'ru_RU'),
	(233,'ru_UA'),
	(234,'rw_RW'),
	(235,'sa_IN'),
	(236,'sah_RU'),
	(237,'sat_IN'),
	(238,'sc_IT'),
	(239,'sd_IN'),
	(240,'sd_PK'),
	(241,'se_NO'),
	(242,'sgs_LT'),
	(243,'shn_MM'),
	(244,'shs_CA'),
	(245,'si_LK'),
	(246,'sid_ET'),
	(247,'sk_SK'),
	(248,'sl_SI'),
	(249,'sm_WS'),
	(250,'so_DJ'),
	(251,'so_ET'),
	(252,'so_KE'),
	(253,'so_SO'),
	(254,'sq_AL'),
	(255,'sq_MK'),
	(256,'sr_ME'),
	(257,'sr_RS'),
	(258,'ss_ZA'),
	(259,'st_ZA'),
	(260,'sv_FI'),
	(261,'sv_SE'),
	(262,'sw_KE'),
	(263,'sw_TZ'),
	(264,'szl_PL'),
	(265,'ta_IN'),
	(266,'ta_LK'),
	(267,'tcy_IN'),
	(268,'te_IN'),
	(269,'tg_TJ'),
	(270,'th_TH'),
	(271,'the_NP'),
	(272,'ti_ER'),
	(273,'ti_ET'),
	(274,'tig_ER'),
	(275,'tk_TM'),
	(276,'tl_PH'),
	(277,'tn_ZA'),
	(278,'to_TO'),
	(279,'tpi_PG'),
	(280,'tr_CY'),
	(281,'tr_TR'),
	(282,'ts_ZA'),
	(283,'tt_RU'),
	(284,'ug_CN'),
	(285,'uk_UA'),
	(286,'unm_US'),
	(287,'ur_IN'),
	(288,'ur_PK'),
	(289,'uz_UZ'),
	(290,'ve_ZA'),
	(291,'vi_VN'),
	(292,'wa_BE'),
	(293,'wae_CH'),
	(294,'wal_ET'),
	(295,'wo_SN'),
	(296,'xh_ZA'),
	(297,'yi_US'),
	(298,'yo_NG'),
	(299,'yue_HK'),
	(300,'yuw_PG'),
	(301,'zh_CN'),
	(302,'zh_HK'),
	(303,'zh_SG'),
	(304,'zh_TW'),
	(305,'zu_ZA');

/*!40000 ALTER TABLE `locale` ENABLE KEYS */;
UNLOCK TABLES;


# Dump of table tz_append
# ------------------------------------------------------------

DROP TABLE IF EXISTS `tz_append`;

CREATE TABLE `tz_append` (
  `Id` int(11) unsigned NOT NULL AUTO_INCREMENT,
  `Tag` varchar(29) NOT NULL DEFAULT '',
  `TzPreId` int(11) unsigned DEFAULT NULL,
  PRIMARY KEY (`Id`),
  KEY `TzPreId` (`TzPreId`),
  CONSTRAINT `tz_append_ibfk_1` FOREIGN KEY (`TzPreId`) REFERENCES `tz_prefix` (`Id`)
) ENGINE=InnoDB DEFAULT CHARSET=latin1;

LOCK TABLES `tz_append` WRITE;
/*!40000 ALTER TABLE `tz_append` DISABLE KEYS */;

INSERT INTO `tz_append` (`Id`, `Tag`, `TzPreId`)
VALUES
	(1,'Abidjan',1),
	(2,'Accra',1),
	(3,'Algiers',1),
	(4,'Bissau',1),
	(5,'Cairo',1),
	(6,'Casablanca',1),
	(7,'El_Aaiun',1),
	(8,'Johannesburg',1),
	(9,'Juba',1),
	(10,'Khartoum',1),
	(11,'Lagos',1),
	(12,'Maputo',1),
	(13,'Monrovia',1),
	(14,'Nairobi',1),
	(15,'Ndjamena',1),
	(16,'Sao_Tome',1),
	(17,'Tripoli',1),
	(18,'Tunis',1),
	(19,'Windhoek',1),
	(20,'Ceuta',1),
	(21,'Araguaina',2),
	(22,'Argentina/Buenos_Aires',2),
	(23,'Argentina/Catamarca',2),
	(24,'Argentina/Cordoba',2),
	(25,'Argentina/Jujuy',2),
	(26,'Argentina/La_Rioja',2),
	(27,'Argentina/Mendoza',2),
	(28,'Argentina/Rio_Gallegos',2),
	(29,'Argentina/Salta',2),
	(30,'Argentina/San_Juan',2),
	(31,'Argentina/San_Luis',2),
	(32,'Argentina/Tucuman',2),
	(33,'Argentina/Ushuaia',2),
	(34,'Asuncion',2),
	(35,'Bahia',2),
	(36,'Belem',2),
	(37,'Boa_Vista',2),
	(38,'Bogota',2),
	(39,'Campo_Grande',2),
	(40,'Caracas',2),
	(41,'Cayenne',2),
	(42,'Cuiaba',2),
	(43,'Curacao',2),
	(44,'Eirunepe',2),
	(45,'Fortaleza',2),
	(46,'Guayaquil',2),
	(47,'Guyana',2),
	(48,'La_Paz',2),
	(49,'Lima',2),
	(50,'Maceio',2),
	(51,'Manaus',2),
	(52,'Montevideo',2),
	(53,'Noronha',2),
	(54,'Paramaribo',2),
	(55,'Port_of_Spain',2),
	(56,'Porto_Velho',2),
	(57,'Punta_Arenas',2),
	(58,'Recife',2),
	(59,'Rio_Branco',2),
	(60,'Santarem',2),
	(61,'Santiago',2),
	(62,'Sao_Paulo',2),
	(63,'Danmarkshavn',2),
	(64,'Godthab',2),
	(65,'Scoresbysund',2),
	(66,'Thule',2),
	(67,'Adak',2),
	(68,'Anchorage',2),
	(69,'Atikokan',2),
	(70,'Bahia_Banderas',2),
	(71,'Barbados',2),
	(72,'Belize',2),
	(73,'Blanc-Sablon',2),
	(74,'Boise',2),
	(75,'Cambridge_Bay',2),
	(76,'Cancun',2),
	(77,'Chicago',2),
	(78,'Chihuahua',2),
	(79,'Costa_Rica',2),
	(80,'Creston',2),
	(81,'Dawson',2),
	(82,'Dawson_Creek',2),
	(83,'Denver',2),
	(84,'Detroit',2),
	(85,'Edmonton',2),
	(86,'El_Salvador',2),
	(87,'Fort_Nelson',2),
	(88,'Glace_Bay',2),
	(89,'Goose_Bay',2),
	(90,'Grand_Turk',2),
	(91,'Guatemala',2),
	(92,'Halifax',2),
	(93,'Havana',2),
	(94,'Hermosillo',2),
	(95,'Indiana/Indianapolis',2),
	(96,'Indiana/Knox',2),
	(97,'Indiana/Marengo',2),
	(98,'Indiana/Petersburg',2),
	(99,'Indiana/Tell_City',2),
	(100,'Indiana/Vevay',2),
	(101,'Indiana/Vincennes',2),
	(102,'Indiana/Winamac',2),
	(103,'Inuvik',2),
	(104,'Iqaluit',2),
	(105,'Jamaica',2),
	(106,'Juneau',2),
	(107,'Kentucky/Louisville',2),
	(108,'Kentucky/Monticello',2),
	(109,'Los_Angeles',2),
	(110,'Managua',2),
	(111,'Martinique',2),
	(112,'Matamoros',2),
	(113,'Mazatlan',2),
	(114,'Menominee',2),
	(115,'Merida',2),
	(116,'Metlakatla',2),
	(117,'Mexico_City',2),
	(118,'Miquelon',2),
	(119,'Moncton',2),
	(120,'Monterrey',2),
	(121,'Nassau',2),
	(122,'New_York',2),
	(123,'Nipigon',2),
	(124,'Nome',2),
	(125,'North_Dakota/Beulah',2),
	(126,'North_Dakota/Center',2),
	(127,'North_Dakota/New_Salem',2),
	(128,'Ojinaga',2),
	(129,'Panama',2),
	(130,'Pangnirtung',2),
	(131,'Phoenix',2),
	(132,'Port-au-Prince',2),
	(133,'Puerto_Rico',2),
	(134,'Rainy_River',2),
	(135,'Rankin_Inlet',2),
	(136,'Regina',2),
	(137,'Resolute',2),
	(138,'Santo_Domingo',2),
	(139,'Sitka',2),
	(140,'St_Johns',2),
	(141,'Swift_Current',2),
	(142,'Tegucigalpa',2),
	(143,'Thunder_Bay',2),
	(144,'Tijuana',2),
	(145,'Toronto',2),
	(146,'Vancouver',2),
	(147,'Whitehorse',2),
	(148,'Winnipeg',2),
	(149,'Yakutat',2),
	(150,'Yellowknife',2),
	(151,'Casey',3),
	(152,'Davis',3),
	(153,'DumontDUrville',3),
	(154,'Mawson',3),
	(155,'Rothera',3),
	(156,'Syowa',3),
	(157,'Troll',3),
	(158,'Vostok',3),
	(159,'Macquarie',3),
	(160,'Palmer',3),
	(161,'Almaty',4),
	(162,'Amman',4),
	(163,'Aqtau',4),
	(164,'Aqtobe',4),
	(165,'Ashgabat',4),
	(166,'Atyrau',4),
	(167,'Baghdad',4),
	(168,'Baku',4),
	(169,'Bangkok',4),
	(170,'Beirut',4),
	(171,'Bishkek',4),
	(172,'Brunei',4),
	(173,'Choibalsan',4),
	(174,'Colombo',4),
	(175,'Damascus',4),
	(176,'Dhaka',4),
	(177,'Dili',4),
	(178,'Dubai',4),
	(179,'Dushanbe',4),
	(180,'Famagusta',4),
	(181,'Gaza',4),
	(182,'Hebron',4),
	(183,'Ho_Chi_Minh',4),
	(184,'Hong_Kong',4),
	(185,'Hovd',4),
	(186,'Jakarta',4),
	(187,'Jayapura',4),
	(188,'Jerusalem',4),
	(189,'Kabul',4),
	(190,'Karachi',4),
	(191,'Kathmandu',4),
	(192,'Kolkata',4),
	(193,'Kuala_Lumpur',4),
	(194,'Kuching',4),
	(195,'Macau',4),
	(196,'Makassar',4),
	(197,'Manila',4),
	(198,'Nicosia',4),
	(199,'Oral',4),
	(200,'Pontianak',4),
	(201,'Pyongyang',4),
	(202,'Qatar',4),
	(203,'Qyzylorda',4),
	(204,'Riyadh',4),
	(205,'Samarkand',4),
	(206,'Seoul',4),
	(207,'Shanghai',4),
	(208,'Singapore',4),
	(209,'Taipei',4),
	(210,'Tashkent',4),
	(211,'Tbilisi',4),
	(212,'Tehran',4),
	(213,'Thimphu',4),
	(214,'Tokyo',4),
	(215,'Ulaanbaatar',4),
	(216,'Urumqi',4),
	(217,'Yangon',4),
	(218,'Yerevan',4),
	(219,'Anadyr',4),
	(220,'Barnaul',4),
	(221,'Chita',4),
	(222,'Irkutsk',4),
	(223,'Kamchatka',4),
	(224,'Khandyga',4),
	(225,'Krasnoyarsk',4),
	(226,'Magadan',4),
	(227,'Novokuznetsk',4),
	(228,'Novosibirsk',4),
	(229,'Omsk',4),
	(230,'Sakhalin',4),
	(231,'Srednekolymsk',4),
	(232,'Tomsk',4),
	(233,'Ust-Nera',4),
	(234,'Vladivostok',4),
	(235,'Yakutsk',4),
	(236,'Yekaterinburg',4),
	(237,'Cape_Verde',5),
	(238,'South_Georgia',5),
	(239,'Stanley',5),
	(240,'Azores',5),
	(241,'Canary',5),
	(242,'Faroe',5),
	(243,'Madeira',5),
	(244,'Reykjavik',5),
	(245,'Bermuda',5),
	(246,'Adelaide',6),
	(247,'Brisbane',6),
	(248,'Broken_Hill',6),
	(249,'Currie',6),
	(250,'Darwin',6),
	(251,'Eucla',6),
	(252,'Hobart',6),
	(253,'Lindeman',6),
	(254,'Lord_Howe',6),
	(255,'Melbourne',6),
	(256,'Perth',6),
	(257,'Sydney',6),
	(258,'Amsterdam',7),
	(259,'Andorra',7),
	(260,'Astrakhan',7),
	(261,'Athens',7),
	(262,'Belgrade',7),
	(263,'Berlin',7),
	(264,'Brussels',7),
	(265,'Bucharest',7),
	(266,'Budapest',7),
	(267,'Chisinau',7),
	(268,'Copenhagen',7),
	(269,'Dublin',7),
	(270,'Gibraltar',7),
	(271,'Helsinki',7),
	(272,'Istanbul',7),
	(273,'Kaliningrad',7),
	(274,'Kiev',7),
	(275,'Kirov',7),
	(276,'Lisbon',7),
	(277,'London',7),
	(278,'Luxembourg',7),
	(279,'Madrid',7),
	(280,'Malta',7),
	(281,'Minsk',7),
	(282,'Monaco',7),
	(283,'Moscow',7),
	(284,'Oslo',7),
	(285,'Paris',7),
	(286,'Prague',7),
	(287,'Riga',7),
	(288,'Rome',7),
	(289,'Samara',7),
	(290,'Saratov',7),
	(291,'Simferopol',7),
	(292,'Sofia',7),
	(293,'Stockholm',7),
	(294,'Tallinn',7),
	(295,'Tirane',7),
	(296,'Ulyanovsk',7),
	(297,'Uzhgorod',7),
	(298,'Vienna',7),
	(299,'Vilnius',7),
	(300,'Volgograd',7),
	(301,'Warsaw',7),
	(302,'Zaporozhye',7),
	(303,'Zurich',7),
	(304,'Kerguelen',8),
	(305,'Mahe',8),
	(306,'Mauritius',8),
	(307,'Reunion',8),
	(308,'Christmas',8),
	(309,'Cocos',8),
	(310,'Chagos',8),
	(311,'Maldives',8),
	(312,'Apia',9),
	(313,'Auckland',9),
	(314,'Bougainville',9),
	(315,'Chatham',9),
	(316,'Chuuk',9),
	(317,'Efate',9),
	(318,'Enderbury',9),
	(319,'Fakaofo',9),
	(320,'Fiji',9),
	(321,'Funafuti',9),
	(322,'Gambier',9),
	(323,'Guadalcanal',9),
	(324,'Guam',9),
	(325,'Kiritimati',9),
	(326,'Kosrae',9),
	(327,'Kwajalein',9),
	(328,'Majuro',9),
	(329,'Marquesas',9),
	(330,'Nauru',9),
	(331,'Niue',9),
	(332,'Norfolk',9),
	(333,'Noumea',9),
	(334,'Pago_Pago',9),
	(335,'Palau',9),
	(336,'Pitcairn',9),
	(337,'Pohnpei',9),
	(338,'Port_Moresby',9),
	(339,'Rarotonga',9),
	(340,'Tahiti',9),
	(341,'Tarawa',9),
	(342,'Tongatapu',9),
	(343,'Wake',9),
	(344,'Wallis',9),
	(345,'Easter',9),
	(346,'Galapagos',9),
	(347,'Honolulu',9);

/*!40000 ALTER TABLE `tz_append` ENABLE KEYS */;
UNLOCK TABLES;


# Dump of table tz_prefix
# ------------------------------------------------------------

DROP TABLE IF EXISTS `tz_prefix`;

CREATE TABLE `tz_prefix` (
  `Id` int(11) unsigned NOT NULL AUTO_INCREMENT,
  `Continent` varchar(14) NOT NULL DEFAULT '',
  PRIMARY KEY (`Id`)
) ENGINE=InnoDB DEFAULT CHARSET=latin1;

LOCK TABLES `tz_prefix` WRITE;
/*!40000 ALTER TABLE `tz_prefix` DISABLE KEYS */;

INSERT INTO `tz_prefix` (`Id`, `Continent`)
VALUES
	(1,'Africa'),
	(2,'America'),
	(3,'Antarctica'),
	(4,'Asia'),
	(5,'Atlantic'),
	(6,'Australia'),
	(7,'Europe'),
	(8,'Indian'),
	(9,'Pacific');

/*!40000 ALTER TABLE `tz_prefix` ENABLE KEYS */;
UNLOCK TABLES;


# Dump of table users
# ------------------------------------------------------------

DROP TABLE IF EXISTS `users`;

CREATE TABLE `users` (
  `Id` int(10) unsigned NOT NULL AUTO_INCREMENT,
  `username` varchar(45) NOT NULL DEFAULT '',
  `password` varchar(64) NOT NULL DEFAULT '',
  PRIMARY KEY (`Id`),
  UNIQUE KEY `username` (`username`)
) ENGINE=InnoDB DEFAULT CHARSET=latin1;

LOCK TABLES `users` WRITE;
/*!40000 ALTER TABLE `users` DISABLE KEYS */;

INSERT INTO `users` (`Id`, `username`, `password`)
VALUES
	(1,'vinod','$2y$10$hJshOfj2vOU0yGy89O7LauNz79wc7vbOQSjb2ZSEdSNLU1HNKxHiq'),
	(2,'jan','$2y$10$O2USOZdF4ZaKGAorNM/MoueeN/cL8893fIHD6om1k/2wfJdbu.VvO');

/*!40000 ALTER TABLE `users` ENABLE KEYS */;
UNLOCK TABLES;



/*!40111 SET SQL_NOTES=@OLD_SQL_NOTES */;
/*!40101 SET SQL_MODE=@OLD_SQL_MODE */;
/*!40014 SET FOREIGN_KEY_CHECKS=@OLD_FOREIGN_KEY_CHECKS */;
/*!40101 SET CHARACTER_SET_CLIENT=@OLD_CHARACTER_SET_CLIENT */;
/*!40101 SET CHARACTER_SET_RESULTS=@OLD_CHARACTER_SET_RESULTS */;
/*!40101 SET COLLATION_CONNECTION=@OLD_COLLATION_CONNECTION */;
